[{
        "Profile": {
            "YearsOfExp": "4",
            "Gender": null,
            "DateOfBirth": "10th July, 1999",
            "MobileNo": "+91 8910983449",
            "EmailId": "priyankabanerjee206@gmail.com",
            "SkillSets": "CORE JAVA 8, SPRING BOOT, MICROSERVICES, HIBERNATE, DATA STRUCTURES & ALGORITHMS, SQL, ANGULAR 8, BOOTSTRAP, DOCKER, KUBERNETES, GCP, AZURE(AZ-900)",
            "Name": "PRIYANKA BANERJEE"
        },
        "CreatedAt": "2025-07-13T23:58:40.906382",
        "IdentificationID": "ID20250628-80086108Q",
        "JobID": "JOB001",
        "Feedback": "As a seasoned Recruiter, here's my evaluation:\n\n*1. Match Score:* 65/100\n\n*2. Top 3 Strengths:\n   *Exceptional Technical Alignment:* Strong proficiency in Java 8+, Spring Boot, Microservices, REST APIs, and SQL. Directly matches core technical requirements.\n*   *Cloud & Containerization Expertise:* Hands-on experience with GCP, Azure (AZ-900), Kubernetes, and Docker, including CI/CD practices, is a significant asset for this cloud-native role.\n*   *Relevant Project Experience:* Demonstrated ability to work on migrations, develop backend services, and integrate with cloud platforms, showcasing practical application of required skills.\n\n*3. Red Flags:\n   *Experience Gap:* The most critical red flag. The job description explicitly asks for 4-6 years or 10-13 years of experience. The candidate has approximately 2 years 9 months of total experience, falling short of the minimum requirement. This could be a hard filter for many hiring managers.\n\n*4. Verdict:* Weak Fit\n\n*Reasoning:*\nWhile Priyanka's technical skillset is an almost perfect match for the role's requirements, her total professional experience (under 3 years) significantly misses the stated 4-6 year minimum. This gap, despite strong technical alignment, positions her as a \"Weak Fit\" as she may not meet the foundational experience level expected for the role's complexity or autonomy. If the experience range is flexible, she would be a strong candidate; otherwise, it's a disqualifier.",
        "ApplicantId": "APP20250628-800861VAM"
    },
    {
        "Profile": {
            "YearsOfExp": "9",
            "Gender": null,
            "DateOfBirth": "9th January, 2005",
            "MobileNo": "+91 8910983449",
            "EmailId": "soumik.nath06@gmail.com",
            "SkillSets": "CORE JAVA 8, SPRING BOOT, MICROSERVICES, HIBERNATE, DATA STRUCTURES & ALGORITHMS, SQL, ANGULAR 8, BOOTSTRAP, DOCKER, KUBERNETES, GCP, AZURE(AZ-900)",
            "Name": "Soumik Nath"
        },
        "CreatedAt": "2025-07-13T23:58:40.906382",
        "IdentificationID": "ID42050713-773100ABC",
        "JobID": "JOB001",
        "Feedback": "As a seasoned Recruiter, here's my evaluation:\n\n*1. Match Score:* 65/100\n\n*2. Top 3 Strengths:\n   *Exceptional Technical Alignment:* Strong proficiency in Java 8+, Spring Boot, Microservices, REST APIs, and SQL. Directly matches core technical requirements.\n*   *Cloud & Containerization Expertise:* Hands-on experience with GCP, Azure (AZ-900), Kubernetes, and Docker, including CI/CD practices, is a significant asset for this cloud-native role.\n*   *Relevant Project Experience:* Demonstrated ability to work on migrations, develop backend services, and integrate with cloud platforms, showcasing practical application of required skills.\n\n*3. Red Flags:\n   *Experience Gap:* The most critical red flag. The job description explicitly asks for 4-6 years or 10-13 years of experience. The candidate has approximately 2 years 9 months of total experience, falling short of the minimum requirement. This could be a hard filter for many hiring managers.\n\n*4. Verdict:* Weak Fit\n\n*Reasoning:*\nWhile Priyanka's technical skillset is an almost perfect match for the role's requirements, her total professional experience (under 3 years) significantly misses the stated 4-6 year minimum. This gap, despite strong technical alignment, positions her as a \"Weak Fit\" as she may not meet the foundational experience level expected for the role's complexity or autonomy. If the experience range is flexible, she would be a strong candidate; otherwise, it's a disqualifier.",
        "ApplicantId": "APP42050111-500522599"
    },
    {
        "Profile": {
            "YearsOfExp": "6",
            "Gender": "Male",
            "DateOfBirth": "15th March, 1995",
            "MobileNo": "+91 9876543210",
            "EmailId": "arjun.sharma@gmail.com",
            "SkillSets": "JAVA, SPRING BOOT, MICROSERVICES, SQL, ANGULAR, DOCKER, AWS",
            "Name": "Arjun Sharma"
        },
        "CreatedAt": "2025-07-13T23:58:40.906382",
        "IdentificationID": "ID42050713-773100ABD",
        "JobID": "JOB001",
        "Feedback": "Match Score: 80/100\n\nStrengths:\n- Solid backend experience with Java and Spring Boot.\n- Good exposure to cloud (AWS) and containerization (Docker).\n- Hands-on with microservices and SQL.\n\nRed Flags:\n- Limited frontend experience.\n\nVerdict: Strong Fit\n\nReasoning:\nArjun meets the experience requirement and has strong technical alignment. Minor gap in frontend skills, but overall a strong candidate.",
        "ApplicantId": "APP42050111-500522600"
    },
    {
        "Profile": {
            "YearsOfExp": "5",
            "Gender": "Female",
            "DateOfBirth": "22nd August, 1997",
            "MobileNo": "+91 9123456789",
            "EmailId": "megha.verma@gmail.com",
            "SkillSets": "JAVA, SPRING BOOT, MICROSERVICES, SQL, ANGULAR, GCP, KUBERNETES",
            "Name": "Megha Verma"
        },
        "CreatedAt": "2025-07-13T23:58:40.906382",
        "IdentificationID": "ID42050713-773100ABE",
        "JobID": "JOB001",
        "Feedback": "Match Score: 75/100\n\nStrengths:\n- Good experience with Java stack and microservices.\n- Familiar with GCP and Kubernetes.\n- Strong SQL and backend skills.\n\nRed Flags:\n- Needs more exposure to CI/CD pipelines.\n\nVerdict: Good Fit\n\nReasoning:\nMegha fits the experience bracket and has relevant skills. Some improvement needed in DevOps practices.",
        "ApplicantId": "APP42050111-500522601"
    },
    {
        "Profile": {
            "YearsOfExp": "11",
            "Gender": "Male",
            "DateOfBirth": "5th May, 1990",
            "MobileNo": "+91 9988776655",
            "EmailId": "rahul.singh@gmail.com",
            "SkillSets": "JAVA, SPRING BOOT, MICROSERVICES, SQL, ANGULAR, DOCKER, AZURE",
            "Name": "Rahul Singh"
        },
        "CreatedAt": "2025-07-13T23:58:40.906382",
        "IdentificationID": "ID42050713-773100ABF",
        "JobID": "JOB001",
        "Feedback": "Match Score: 90/100\n\nStrengths:\n- Extensive experience in backend and cloud.\n- Strong leadership and project delivery record.\n- Deep expertise in microservices and Azure.\n\nRed Flags:\n- May be overqualified for mid-level roles.\n\nVerdict: Excellent Fit\n\nReasoning:\nRahul exceeds all requirements and brings leadership experience. Consider for senior or lead roles.",
        "ApplicantId": "APP42050111-500522602"
    },
    {
        "Profile": {
            "YearsOfExp": "4",
            "Gender": "Female",
            "DateOfBirth": "30th November, 1998",
            "MobileNo": "+91 9001122334",
            "EmailId": "ananya.patel@gmail.com",
            "SkillSets": "JAVA, SPRING BOOT, MICROSERVICES, SQL, ANGULAR, DOCKER",
            "Name": "Ananya Patel"
        },
        "CreatedAt": "2025-07-13T23:58:40.906382",
        "IdentificationID": "ID42050713-773100ABG",
        "JobID": "JOB001",
        "Feedback": "Match Score: 70/100\n\nStrengths:\n- Meets minimum experience.\n- Good backend and microservices skills.\n- Familiar with Docker and Angular.\n\nRed Flags:\n- Limited cloud experience.\n\nVerdict: Moderate Fit\n\nReasoning:\nAnanya meets the minimum requirements but needs more exposure to cloud platforms.",
        "ApplicantId": "APP42050111-500522603"
    },
    {
        "Profile": {
            "YearsOfExp": "8",
            "Gender": "Male",
            "DateOfBirth": "12th February, 1992",
            "MobileNo": "+91 9112233445",
            "EmailId": "vikas.gupta@gmail.com",
            "SkillSets": "JAVA, SPRING BOOT, MICROSERVICES, SQL, ANGULAR, DOCKER, KUBERNETES, AWS",
            "Name": "Vikas Gupta"
        },
        "CreatedAt": "2025-07-13T23:58:40.906382",
        "IdentificationID": "ID42050713-773100ABH",
        "JobID": "JOB001",
        "Feedback": "Match Score: 85/100\n\nStrengths:\n- Strong experience in Java ecosystem.\n- Good cloud and containerization skills.\n- Proven track record in microservices.\n\nRed Flags:\n- Needs more exposure to frontend frameworks.\n\nVerdict: Strong Fit\n\nReasoning:\nVikas is a strong candidate with relevant experience and skills. Minor gap in frontend expertise.",
        "ApplicantId": "APP42050111-500522604"
    },
    {
        "Profile": {
            "YearsOfExp": "11",
            "Gender": "Male",
            "DateOfBirth": "5th May, 1990",
            "MobileNo": "+91 9988776655",
            "EmailId": "rahul.singh@gmail.com",
            "SkillSets": "JAVA, SPRING BOOT, MICROSERVICES, SQL, ANGULAR, DOCKER, AZURE",
            "Name": "Rahul Singh"
        },
        "CreatedAt": "2025-07-13T23:58:40.906382",
        "IdentificationID": "ID42050713-773100ABF",
        "JobID": "JOB001",
        "Feedback": "Match Score: 90/100\n\nStrengths:\n- Extensive experience in backend and cloud.\n- Strong leadership and project delivery record.\n- Deep expertise in microservices and Azure.\n\nRed Flags:\n- May be overqualified for mid-level roles.\n\nVerdict: Excellent Fit\n\nReasoning:\nRahul exceeds all requirements and brings leadership experience. Consider for senior or lead roles.",
        "ApplicantId": "APP42050111-500522602"
    },
    {
        "Profile": {
            "YearsOfExp": "4",
            "Gender": "Female",
            "DateOfBirth": "30th November, 1998",
            "MobileNo": "+91 9001122334",
            "EmailId": "ananya.patel@gmail.com",
            "SkillSets": "JAVA, SPRING BOOT, MICROSERVICES, SQL, ANGULAR, DOCKER",
            "Name": "Ananya Patel"
        },
        "CreatedAt": "2025-07-13T23:58:40.906382",
        "IdentificationID": "ID42050713-773100ABG",
        "JobID": "JOB001",
        "Feedback": "Match Score: 70/100\n\nStrengths:\n- Meets minimum experience.\n- Good backend and microservices skills.\n- Familiar with Docker and Angular.\n\nRed Flags:\n- Limited cloud experience.\n\nVerdict: Moderate Fit\n\nReasoning:\nAnanya meets the minimum requirements but needs more exposure to cloud platforms.",
        "ApplicantId": "APP42050111-500522603"
    },
    {
        "Profile": {
            "YearsOfExp": "8",
            "Gender": "Male",
            "DateOfBirth": "12th February, 1992",
            "MobileNo": "+91 9112233445",
            "EmailId": "vikas.gupta@gmail.com",
            "SkillSets": "JAVA, SPRING BOOT, MICROSERVICES, SQL, ANGULAR, DOCKER, KUBERNETES, AWS",
            "Name": "Vikas Gupta"
        },
        "CreatedAt": "2025-07-13T23:58:40.906382",
        "IdentificationID": "ID42050713-773100ABH",
        "JobID": "JOB001",
        "Feedback": "Match Score: 85/100\n\nStrengths:\n- Strong experience in Java ecosystem.\n- Good cloud and containerization skills.\n- Proven track record in microservices.\n\nRed Flags:\n- Needs more exposure to frontend frameworks.\n\nVerdict: Strong Fit\n\nReasoning:\nVikas is a strong candidate with relevant experience and skills. Minor gap in frontend expertise.",
        "ApplicantId": "APP42050111-500522604"
    },
    {
        "Profile": {
            "YearsOfExp": "4",
            "Gender": null,
            "DateOfBirth": "10th July, 1999",
            "MobileNo": "+91 8910983449",
            "EmailId": "priyankabanerjee206@gmail.com",
            "SkillSets": "CORE JAVA 8, SPRING BOOT, MICROSERVICES, HIBERNATE, DATA STRUCTURES & ALGORITHMS, SQL, ANGULAR 8, BOOTSTRAP, DOCKER, KUBERNETES, GCP, AZURE(AZ-900)",
            "Name": "PRIYANKA BANERJEE"
        },
        "CreatedAt": "2025-07-13T23:58:40.906382",
        "IdentificationID": "ID42050713-773100ABC",
        "JobID": "JOB001",
        "Feedback": "As a seasoned Recruiter, here's my evaluation:\n\n*1. Match Score:* 65/100\n\n*2. Top 3 Strengths:\n   *Exceptional Technical Alignment:* Strong proficiency in Java 8+, Spring Boot, Microservices, REST APIs, and SQL. Directly matches core technical requirements.\n*   *Cloud & Containerization Expertise:* Hands-on experience with GCP, Azure (AZ-900), Kubernetes, and Docker, including CI/CD practices, is a significant asset for this cloud-native role.\n*   *Relevant Project Experience:* Demonstrated ability to work on migrations, develop backend services, and integrate with cloud platforms, showcasing practical application of required skills.\n\n*3. Red Flags:\n   *Experience Gap:* The most critical red flag. The job description explicitly asks for 4-6 years or 10-13 years of experience. The candidate has approximately 2 years 9 months of total experience, falling short of the minimum requirement. This could be a hard filter for many hiring managers.\n\n*4. Verdict:* Weak Fit\n\n*Reasoning:*\nWhile Priyanka's technical skillset is an almost perfect match for the role's requirements, her total professional experience (under 3 years) significantly misses the stated 4-6 year minimum. This gap, despite strong technical alignment, positions her as a \"Weak Fit\" as she may not meet the foundational experience level expected for the role's complexity or autonomy. If the experience range is flexible, she would be a strong candidate; otherwise, it's a disqualifier.",
        "ApplicantId": "APP42050111-500522599"
    },
    {
        "Profile": {
            "YearsOfExp": "9",
            "Gender": null,
            "DateOfBirth": "9th January, 2005",
            "MobileNo": "+91 8910983449",
            "EmailId": "soumik.nath06@gmail.com",
            "SkillSets": "CORE JAVA 8, SPRING BOOT, MICROSERVICES, HIBERNATE, DATA STRUCTURES & ALGORITHMS, SQL, ANGULAR 8, BOOTSTRAP, DOCKER, KUBERNETES, GCP, AZURE(AZ-900)",
            "Name": "Soumik Nath"
        },
        "CreatedAt": "2025-07-13T23:58:40.906382",
        "IdentificationID": "ID42050713-773100ABC",
        "JobID": "JOB001",
        "Feedback": "As a seasoned Recruiter, here's my evaluation:\n\n*1. Match Score:* 65/100\n\n*2. Top 3 Strengths:\n   *Exceptional Technical Alignment:* Strong proficiency in Java 8+, Spring Boot, Microservices, REST APIs, and SQL. Directly matches core technical requirements.\n*   *Cloud & Containerization Expertise:* Hands-on experience with GCP, Azure (AZ-900), Kubernetes, and Docker, including CI/CD practices, is a significant asset for this cloud-native role.\n*   *Relevant Project Experience:* Demonstrated ability to work on migrations, develop backend services, and integrate with cloud platforms, showcasing practical application of required skills.\n\n*3. Red Flags:\n   *Experience Gap:* The most critical red flag. The job description explicitly asks for 4-6 years or 10-13 years of experience. The candidate has approximately 2 years 9 months of total experience, falling short of the minimum requirement. This could be a hard filter for many hiring managers.\n\n*4. Verdict:* Weak Fit\n\n*Reasoning:*\nWhile Priyanka's technical skillset is an almost perfect match for the role's requirements, her total professional experience (under 3 years) significantly misses the stated 4-6 year minimum. This gap, despite strong technical alignment, positions her as a \"Weak Fit\" as she may not meet the foundational experience level expected for the role's complexity or autonomy. If the experience range is flexible, she would be a strong candidate; otherwise, it's a disqualifier.",
        "ApplicantId": "APP42050111-500522599"
    },
    {
        "Profile": {
            "YearsOfExp": "6",
            "Gender": "Male",
            "DateOfBirth": "15th March, 1995",
            "MobileNo": "+91 9876543210",
            "EmailId": "arjun.sharma@gmail.com",
            "SkillSets": "JAVA, SPRING BOOT, MICROSERVICES, SQL, ANGULAR, DOCKER, AWS",
            "Name": "Arjun Sharma"
        },
        "CreatedAt": "2025-07-13T23:58:40.906382",
        "IdentificationID": "ID42050713-773100ABD",
        "JobID": "JOB001",
        "Feedback": "Match Score: 80/100\n\nStrengths:\n- Solid backend experience with Java and Spring Boot.\n- Good exposure to cloud (AWS) and containerization (Docker).\n- Hands-on with microservices and SQL.\n\nRed Flags:\n- Limited frontend experience.\n\nVerdict: Strong Fit\n\nReasoning:\nArjun meets the experience requirement and has strong technical alignment. Minor gap in frontend skills, but overall a strong candidate.",
        "ApplicantId": "APP42050111-500522600"
    },
    {
        "Profile": {
            "YearsOfExp": "5",
            "Gender": "Female",
            "DateOfBirth": "22nd August, 1997",
            "MobileNo": "+91 9123456789",
            "EmailId": "megha.verma@gmail.com",
            "SkillSets": "JAVA, SPRING BOOT, MICROSERVICES, SQL, ANGULAR, GCP, KUBERNETES",
            "Name": "Megha Verma"
        },
        "CreatedAt": "2025-07-13T23:58:40.906382",
        "IdentificationID": "ID42050713-773100ABE",
        "JobID": "JOB001",
        "Feedback": "Match Score: 75/100\n\nStrengths:\n- Good experience with Java stack and microservices.\n- Familiar with GCP and Kubernetes.\n- Strong SQL and backend skills.\n\nRed Flags:\n- Needs more exposure to CI/CD pipelines.\n\nVerdict: Good Fit\n\nReasoning:\nMegha fits the experience bracket and has relevant skills. Some improvement needed in DevOps practices.",
        "ApplicantId": "APP42050111-500522601"
    },
    {
        "Profile": {
            "YearsOfExp": "11",
            "Gender": "Male",
            "DateOfBirth": "5th May, 1990",
            "MobileNo": "+91 9988776655",
            "EmailId": "rahul.singh@gmail.com",
            "SkillSets": "JAVA, SPRING BOOT, MICROSERVICES, SQL, ANGULAR, DOCKER, AZURE",
            "Name": "Rahul Singh"
        },
        "CreatedAt": "2025-07-13T23:58:40.906382",
        "IdentificationID": "ID42050713-773100ABF",
        "JobID": "JOB001",
        "Feedback": "Match Score: 90/100\n\nStrengths:\n- Extensive experience in backend and cloud.\n- Strong leadership and project delivery record.\n- Deep expertise in microservices and Azure.\n\nRed Flags:\n- May be overqualified for mid-level roles.\n\nVerdict: Excellent Fit\n\nReasoning:\nRahul exceeds all requirements and brings leadership experience. Consider for senior or lead roles.",
        "ApplicantId": "APP42050111-500522602"
    },
    {
        "Profile": {
            "YearsOfExp": "4",
            "Gender": "Female",
            "DateOfBirth": "30th November, 1998",
            "MobileNo": "+91 9001122334",
            "EmailId": "ananya.patel@gmail.com",
            "SkillSets": "JAVA, SPRING BOOT, MICROSERVICES, SQL, ANGULAR, DOCKER",
            "Name": "Ananya Patel"
        },
        "CreatedAt": "2025-07-13T23:58:40.906382",
        "IdentificationID": "ID42050713-773100ABG",
        "JobID": "JOB001",
        "Feedback": "Match Score: 70/100\n\nStrengths:\n- Meets minimum experience.\n- Good backend and microservices skills.\n- Familiar with Docker and Angular.\n\nRed Flags:\n- Limited cloud experience.\n\nVerdict: Moderate Fit\n\nReasoning:\nAnanya meets the minimum requirements but needs more exposure to cloud platforms.",
        "ApplicantId": "APP42050111-500522603"
    },
    {
        "Profile": {
            "YearsOfExp": "8",
            "Gender": "Male",
            "DateOfBirth": "12th February, 1992",
            "MobileNo": "+91 9112233445",
            "EmailId": "vikas.gupta@gmail.com",
            "SkillSets": "JAVA, SPRING BOOT, MICROSERVICES, SQL, ANGULAR, DOCKER, KUBERNETES, AWS",
            "Name": "Vikas Gupta"
        },
        "CreatedAt": "2025-07-13T23:58:40.906382",
        "IdentificationID": "ID42050713-773100ABH",
        "JobID": "JOB001",
        "Feedback": "Match Score: 85/100\n\nStrengths:\n- Strong experience in Java ecosystem.\n- Good cloud and containerization skills.\n- Proven track record in microservices.\n\nRed Flags:\n- Needs more exposure to frontend frameworks.\n\nVerdict: Strong Fit\n\nReasoning:\nVikas is a strong candidate with relevant experience and skills. Minor gap in frontend expertise.",
        "ApplicantId": "APP42050111-500522604"
    },
    {
        "Profile": {
            "YearsOfExp": "11",
            "Gender": "Male",
            "DateOfBirth": "5th May, 1990",
            "MobileNo": "+91 9988776655",
            "EmailId": "rahul.singh@gmail.com",
            "SkillSets": "JAVA, SPRING BOOT, MICROSERVICES, SQL, ANGULAR, DOCKER, AZURE",
            "Name": "Rahul Singh"
        },
        "CreatedAt": "2025-07-13T23:58:40.906382",
        "IdentificationID": "ID42050713-773100ABF",
        "JobID": "JOB001",
        "Feedback": "Match Score: 90/100\n\nStrengths:\n- Extensive experience in backend and cloud.\n- Strong leadership and project delivery record.\n- Deep expertise in microservices and Azure.\n\nRed Flags:\n- May be overqualified for mid-level roles.\n\nVerdict: Excellent Fit\n\nReasoning:\nRahul exceeds all requirements and brings leadership experience. Consider for senior or lead roles.",
        "ApplicantId": "APP42050111-500522602"
    },
    {
        "Profile": {
            "YearsOfExp": "4",
            "Gender": "Female",
            "DateOfBirth": "30th November, 1998",
            "MobileNo": "+91 9001122334",
            "EmailId": "ananya.patel@gmail.com",
            "SkillSets": "JAVA, SPRING BOOT, MICROSERVICES, SQL, ANGULAR, DOCKER",
            "Name": "Ananya Patel"
        },
        "CreatedAt": "2025-07-13T23:58:40.906382",
        "IdentificationID": "ID42050713-773100ABG",
        "JobID": "JOB001",
        "Feedback": "Match Score: 70/100\n\nStrengths:\n- Meets minimum experience.\n- Good backend and microservices skills.\n- Familiar with Docker and Angular.\n\nRed Flags:\n- Limited cloud experience.\n\nVerdict: Moderate Fit\n\nReasoning:\nAnanya meets the minimum requirements but needs more exposure to cloud platforms.",
        "ApplicantId": "APP42050111-500522603"
    },
    {
        "Profile": {
            "YearsOfExp": "8",
            "Gender": "Male",
            "DateOfBirth": "12th February, 1992",
            "MobileNo": "+91 9112233445",
            "EmailId": "vikas.gupta@gmail.com",
            "SkillSets": "JAVA, SPRING BOOT, MICROSERVICES, SQL, ANGULAR, DOCKER, KUBERNETES, AWS",
            "Name": "Vikas Gupta"
        },
        "CreatedAt": "2025-07-13T23:58:40.906382",
        "IdentificationID": "ID42050713-773100ABH",
        "JobID": "JOB001",
        "Feedback": "Match Score: 85/100\n\nStrengths:\n- Strong experience in Java ecosystem.\n- Good cloud and containerization skills.\n- Proven track record in microservices.\n\nRed Flags:\n- Needs more exposure to frontend frameworks.\n\nVerdict: Strong Fit\n\nReasoning:\nVikas is a strong candidate with relevant experience and skills. Minor gap in frontend expertise.",
        "ApplicantId": "APP42050111-500522604"
    },
    {
        "Profile": {
            "YearsOfExp": "8",
            "Gender": "Male",
            "DateOfBirth": "12th February, 1992",
            "MobileNo": "+91 9112233445",
            "EmailId": "vikas.gupta@gmail.com",
            "SkillSets": "JAVA, SPRING BOOT, MICROSERVICES, SQL, ANGULAR, DOCKER, KUBERNETES, AWS",
            "Name": "Vikas Gupta"
        },
        "CreatedAt": "2025-07-13T23:58:40.906382",
        "IdentificationID": "ID42050713-773100ABH",
        "JobID": "JOB001",
        "Feedback": "Match Score: 85/100\n\nStrengths:\n- Strong experience in Java ecosystem.\n- Good cloud and containerization skills.\n- Proven track record in microservices.\n\nRed Flags:\n- Needs more exposure to frontend frameworks.\n\nVerdict: Strong Fit\n\nReasoning:\nVikas is a strong candidate with relevant experience and skills. Minor gap in frontend expertise.",
        "ApplicantId": "APP42050111-500522604"
    }
]