[{
        "jobPostingInfo": {
            "id": "JOB001",
            "title": "Senior Software Engineer (Java, Cloud)",
            "jobDesc": "<p></p><p><b>End Date</b></p><p></p><p><a href=\"http://www.lloydsbankinggroup.com/careers/culture-and-inclusion/agile-working.html\" target=\"_blank\"><span><b>We Support Flexible Working – Click here for more information on flexible working options</b> </span></a></p><p></p><p><b><span>Flexible Working Options</span> </b></p>Hybrid Working<p></p><p><b><span>Job Description Summary</span> </b></p>Software Engineer will lead technical development and delivery at Team and sometimes Lab level. They can be a Line Manager who will act as co-lead with the Team PO for overall delivery. In these cases, they will be responsible for overall tech delivery, line management &amp; app ownership alongside their own software engineering output.. Others will operate as Individual Contributors, who are specialists in particular technology areas and will be narrower and deeper in focus.<p></p><p><b><span>Required Skills:</span> </b></p><ul><li>Grows own capabilities by pursuing and investing in personal development opportunities and develops the capabilities of direct reports by working within existing development framework; provides specialised training or coaching in area of expertise to others throughout the organisation.</li><li>Identifies shortcomings and suggests improvements to existing processes, systems and procedures, then delivers a plan for a small element of a change management programme with guidance from a project/programme manager.</li><li>Highlights shortcomings and suggests improvements in current IT Security processes, systems and procedures within assigned unit and/or discipline.</li><li>Delivers prescribed outcomes for area of responsibility by working within established knowledge management systems.</li><li>Delivers outcomes by managing others and working within established systems.</li><li>Sets short term objectives and helps manage the performance of direct reports by working within performance management systems.</li><li>Sets short term objectives and helps manage the performance of direct reports by working within performance management systems.</li><li>Explores issues and/or needs to establish potential causes, related issues and barriers.</li><li>Defines, delivers, and adapts specialized products/services to meet customer needs by selecting the best possible approaches available within established systems.</li><li>Delivers prescribed outcomes for a designated area, using risk management systems to ensure the organisation is not exposed to undue risks.</li><li>Analyses specified problems and issues to find the best technical and/or professional solutions.</li><li>Develops product specifications while designing testing procedures and standards.</li><li>Delivers prescribed outcomes for area of responsibility by working within established strategic planning systems.</li></ul>",
            "jobDescription": "Job Description Summary   Experience : 4 - 6 years and 10 to 13 years  We are seeking a skilled and motivated Java Developer with strong experience in Cloud platforms, Kubernetes (K8s), and SQL to join our development team. The ideal candidate will be responsible for designing, developing, and deploying scalable applications in a cloud-native environment, ensuring high performance and reliability. Job Description   Key Responsibilities:  Design, develop, and maintain robust Java-based applications. Develop microservices and deploy them using Kubernetes. Work with cloud platforms (AWS, Azure, or GCP) to build scalable and secure solutions. Write efficient SQL queries and manage relational databases. Collaborate with DevOps and QA teams to ensure smooth CI/CD pipelines. Troubleshoot and resolve technical issues across environments. Participate in code reviews and contribute to best practices.  Required Skills:  Strong proficiency in Java (8 or above) and object-oriented programming. Hands-on experience with Kubernetes for container orchestration. Experience with cloud platforms such as AWS, Azure, or Google Cloud Platform. Proficiency in SQL and working with relational databases like PostgreSQL, MySQL, or Oracle. Familiarity with Spring Boot, REST APIs, and microservices architecture. Understanding of CI/CD tools and practices (e.g., Jenkins, Git, Docker). Good problem-solving skills and ability to work in an agile environment.",
            "location": "Hyderabad Knowledge City (LTC)",
            "postedOn": "Posted Yesterday",
            "startDate": "2025-06-16",
            "timeType": "Full time",
            "jobReqId": "JOB001",
            "jobPostingId": "Senior-Software-Engineer_JOB001",
            "jobPostingSiteId": "Lloyds_Technology_Centre",
            "country": {
                "descriptor": "India",
                "id": "c4f78be1a8f14da0ab49ce1162348a5e"
            },
            "canApply": true,
            "posted": true,
            "includeResumeParsing": true,
            "jobRequisitionLocation": {
                "descriptor": "Hyderabad Knowledge City (LTC)",
                "country": {
                    "descriptor": "India",
                    "id": "c4f78be1a8f14da0ab49ce1162348a5e",
                    "alpha2Code": "IN"
                }
            },
            "externalUrl": "https://lbg.wd3.myworkdayjobs.com/Lloyds_Technology_Centre/job/Hyderabad-Knowledge-City-LTC/Senior-Software-Engineer_JOB001",
            "questionnaireId": "6b7cbe99edd21001f1278380240d0000",
            "timeLeftToApply": "12 days left to apply",
            "endDate": "2025-08-30",
            "jobPostingEndDateAsText": "End Date: Aug 30, 2025"
        },
        "hiringOrganization": {
            "name": "Lloyds Offshore Global Services Private Limited",
            "url": ""
        },
        "similarJobs": [{
                "title": "Senior Software Engineer",
                "externalPath": "/job/Hyderabad-Knowledge-City-LTC/Senior-Software-Engineer_127041",
                "timeType": "Full time",
                "locationsText": "Hyderabad Knowledge City (LTC)",
                "postedOn": "Posted 30+ Days Ago",
                "startDate": "2024-12-26",
                "timeLeftToApply": "12 days left to apply",
                "jobPostingEndDateAsText": "End Date: Aug 30, 2025"
            },
            {
                "title": "Senior Software Engineer",
                "externalPath": "/job/Hyderabad-Knowledge-City-LTC/Senior-Software-Engineer_127035",
                "timeType": "Full time",
                "locationsText": "Hyderabad Knowledge City (LTC)",
                "postedOn": "Posted 30+ Days Ago",
                "startDate": "2024-12-26",
                "timeLeftToApply": "12 days left to apply",
                "jobPostingEndDateAsText": "End Date: Aug 30, 2025"
            },
            {
                "title": "Senior Software Engineer",
                "externalPath": "/job/Hyderabad-Knowledge-City-LTC/Senior-Software-Engineer_127037",
                "timeType": "Full time",
                "locationsText": "Hyderabad Knowledge City (LTC)",
                "postedOn": "Posted 30+ Days Ago",
                "startDate": "2024-12-26",
                "timeLeftToApply": "12 days left to apply",
                "jobPostingEndDateAsText": "End Date: June 30, 2025"
            },
            {
                "title": "Senior Software Engineer",
                "externalPath": "/job/Hyderabad-Knowledge-City-LTC/Senior-Software-Engineer_127172",
                "timeType": "Full time",
                "locationsText": "Hyderabad Knowledge City (LTC)",
                "postedOn": "Posted 30+ Days Ago",
                "startDate": "2025-01-06",
                "timeLeftToApply": "30+ days left to apply",
                "jobPostingEndDateAsText": "End Date: Aug 28, 2025"
            },
            {
                "title": "Software Engineer",
                "externalPath": "/job/Hyderabad-Knowledge-City-LTC/Software-Engineer_JOB003",
                "timeType": "Full time",
                "locationsText": "Hyderabad Knowledge City (LTC)",
                "postedOn": "Posted 3 Days Ago",
                "startDate": "2025-06-14",
                "timeLeftToApply": "27 days left to apply",
                "jobPostingEndDateAsText": "End Date: Aug 15, 2025"
            }
        ],
        "userAuthenticated": false
    },
    {
        "jobPostingInfo": {
            "id": "7a77df9559461011ded870fc331e0000",
            "title": "Senior Software Engineer (React, Node, Cloud)",
            "jobDesc": "<p></p><p><b>End Date</b></p>Monday 25 Aug 2025<p></p><p><a href=\"http://www.lloydsbankinggroup.com/careers/culture-and-inclusion/agile-working.html\" target=\"_blank\"><span><b>We Support Flexible Working – Click here for more information on flexible working options</b> </span></a></p><p></p><p><b><span>Flexible Working Options</span> </b></p>Hybrid Working<p></p><p><b><span>Job Description Summary</span> </b></p>Experience : 5 - 10 years and 10 to 13 years<br><br>We are looking for a passionate and experienced Frontend Developer with strong expertise in React.js, JavaScript, and TypeScript to join our high-performing engineering team. The ideal candidate should also be comfortable working with Angular and have working knowledge of Node.js for frontend tooling and integration. You will be responsible for building responsive, scalable, and maintainable web applications that deliver an excellent user experience. The role involves close collaboration with product, design, and backend engineering teams in an agile environment.<p><b><span>Required Skills:</span></b></p><ul><li>Strong proficiency in React.js and modern JavaScript (ES6+), including functional components and hooks.</li><li>Experience with TypeScript for scalable and type-safe frontend development.</li><li>Hands-on experience with HTML5, CSS3, and frontend frameworks like Bootstrap or Material UI.</li><li>Proficiency in Angular (any recent version) for maintaining or migrating legacy modules.</li><li>Familiarity with frontend build tools and environments (Webpack, Vite, Babel, npm/yarn).</li><li>Basic understanding of Node.js and Express for frontend middleware and integration.</li><li>Experience in consuming RESTful APIs and handling async data flows (fetch, axios).</li><li>Solid grasp of UI/UX best practices, accessibility (WCAG), and responsive web design.</li><li>Ability to translate Figma/Sketch designs into interactive, production-ready UI components.</li><li>Experience working in Agile/Scrum teams and using version control tools like Git.</li></ul><p></p><p></p>",
            "jobDescription": "End Date Monday 25 Aug 2025 We Support Flexible Working – Click here for more information on flexible working options Flexible Working Options Hybrid Working Job Description Summary Experience : 5 - 10 years and 10 to 13 years We are looking for a passionate and experienced Frontend Developer with strong expertise in React.js, JavaScript, and TypeScript to join our high-performing engineering team. The ideal candidate should also be comfortable working with Angular and have working knowledge of Node.js for frontend tooling and integration. You will be responsible for building responsive, scalable, and maintainable web applications that deliver an excellent user experience. The role involves close collaboration with product, design, and backend engineering teams in an agile environment. Required Skills: Strong proficiency in React.js and modern JavaScript (ES6+), including functional components and hooks. Experience with TypeScript for scalable and type-safe frontend development. Hands-on experience with HTML5, CSS3, and frontend frameworks like Bootstrap or Material UI. Proficiency in Angular (any recent version) for maintaining or migrating legacy modules. Familiarity with frontend build tools and environments (Webpack, Vite, Babel, npm/yarn). Basic understanding of Node.js and Express for frontend middleware and integration. Experience in consuming RESTful APIs and handling async data flows (fetch, axios). Solid grasp of UI/UX best practices, accessibility (WCAG), and responsive web design. Ability to translate Figma/Sketch designs into interactive, production-ready UI components. Experience working in Agile/Scrum teams and using version control tools like Git.",
            "location": "Hyderabad Knowledge City (LTC)",
            "postedOn": "Posted Yesterday",
            "startDate": "2025-06-16",
            "timeType": "Full time",
            "jobReqId": "JOB002",
            "jobPostingId": "Senior-Software-Engineer_JOB002",
            "jobPostingSiteId": "Lloyds_Technology_Centre",
            "country": {
                "descriptor": "India",
                "id": "c4f78be1a8f14da0ab49ce1162348a5e"
            },
            "canApply": true,
            "posted": true,
            "includeResumeParsing": true,
            "jobRequisitionLocation": {
                "descriptor": "Hyderabad Knowledge City (LTC)",
                "country": {
                    "descriptor": "India",
                    "id": "c4f78be1a8f14da0ab49ce1162348a5e",
                    "alpha2Code": "IN"
                }
            },
            "externalUrl": "https://lbg.wd3.myworkdayjobs.com/Lloyds_Technology_Centre/job/Hyderabad-Knowledge-City-LTC/Technical-Application-Service-Specialist_JOB002",
            "questionnaireId": "6b7cbe99edd21001f1278380240d0000",
            "timeLeftToApply": "30+ days left to apply",
            "endDate": "2025-08-25",
            "jobPostingEndDateAsText": "End Date: August 25, 2025"
        },
        "hiringOrganization": {
            "name": "LLOYDS BANK PLC",
            "url": ""
        },
        "similarJobs": [{
            "title": "Technical Application Service Specialist",
            "externalPath": "/job/Hyderabad-Knowledge-City-LTC/Technical-Application-Service-Specialist_136004",
            "timeType": "Full time",
            "locationsText": "Hyderabad Knowledge City (LTC)",
            "postedOn": "Posted 26 Days Ago",
            "startDate": "2025-05-22",
            "timeLeftToApply": "30+ days left to apply",
            "jobPostingEndDateAsText": "End Date: Aug 31, 2025"
        }],
        "userAuthenticated": false
    },
    {
        "jobPostingInfo": {
            "id": "35ed6c9eccff10112a181c2ad0330000",
            "title": "Devops Engineer",
            "jobDesc": "<p></p><p><b>End Date</b></p>15 Sept 2025<p></p><p><a href=\"http://www.lloydsbankinggroup.com/careers/culture-and-inclusion/agile-working.html\" target=\"_blank\"><span><b>We Support Flexible Working – Click here for more information on flexible working options</b> </span></a></p><p></p><p><b><span>Flexible Working Options</span> </b></p>Hybrid Working<p></p><p><b><span>Job Description Summary</span> </b></p>Experience : 4 - 6 years and 10 to 13 years<br><br>We are seeking a skilled and motivated DevOps Engineer with strong experience in Cloud platforms, Kubernetes (K8s), and CI/CD pipelines to join our engineering team. The ideal candidate will be responsible for automating deployment processes, managing cloud infrastructure, and ensuring system reliability and scalability in a cloud-native environment.<p><b><span>Required Skills:</span></b></p><ul><li><p><span>Automate deployment, monitoring, and infrastructure management using CI/CD tools.</span></p></li><li><p><span>Design and implement scalable cloud-native solutions on AWS, Azure, or GCP.</span></p></li><li><p><span>Manage and optimize Kubernetes clusters for high availability and performance.</span></p></li><li><p><span>Ensure system reliability, security, and compliance across environments.</span></p></li><li><p><span>Collaborate with development teams to streamline build and release processes.</span></p></li><li><p><span>Troubleshoot infrastructure and deployment issues, providing timely resolutions.</span></p></li><li><p><span>Maintain documentation and contribute to DevOps best practices.</span></p></li></ul><ul><li><p><span>Strong experience with CI/CD tools (Jenkins, GitHub Actions, GitLab CI, etc.).</span></p></li><li><p><span>Proficiency in managing cloud platforms (AWS, Azure, GCP).</span></p></li><li><p><span>Hands-on expertise with Kubernetes and container orchestration.</span></p></li><li><p><span>Knowledge of Infrastructure as Code (Terraform, CloudFormation, etc.).</span></p></li><li><p><span>Experience with monitoring and logging tools (Prometheus, Grafana, ELK Stack).</span></p></li><li><p><span>Strong scripting skills (Python, Bash, etc.).</span></p></li><li><p><span>Excellent problem-solving and communication skills.</span></p></li></ul><p></p><p></p>",
            "jobDescription": "End Date 15 Sept 2025 We Support Flexible Working – Click here for more information on flexible working options Flexible Working Options Hybrid Working Job Description Summary Experience : 4 - 6 years and 10 to 13 years We are seeking a skilled and motivated DevOps Engineer with strong experience in Cloud platforms, Kubernetes (K8s), and CI/CD pipelines to join our engineering team. The ideal candidate will be responsible for automating deployment processes, managing cloud infrastructure, and ensuring system reliability and scalability in a cloud-native environment. Required Skills: Automate deployment, monitoring, and infrastructure management using CI/CD tools. Design and implement scalable cloud-native solutions on AWS, Azure, or GCP. Manage and optimize Kubernetes clusters for high availability and performance. Ensure system reliability, security, and compliance across environments. Collaborate with development teams to streamline build and release processes. Troubleshoot infrastructure and deployment issues, providing timely resolutions. Maintain documentation and contribute to DevOps best practices. Strong experience with CI/CD tools (Jenkins, GitHub Actions, GitLab CI, etc.). Proficiency in managing cloud platforms (AWS, Azure, GCP). Hands-on expertise with Kubernetes and container orchestration. Knowledge of Infrastructure as Code (Terraform, CloudFormation, etc.). Experience with monitoring and logging tools (Prometheus, Grafana, ELK Stack). Strong scripting skills (Python, Bash, etc.). Excellent problem-solving and communication skills.",
            "location": "Hyderabad Knowledge City (LTC)",
            "postedOn": "Posted 9 Days Ago",
            "startDate": "2025-06-14",
            "timeType": "Full time",
            "jobReqId": "JOB003",
            "jobPostingId": "Devops-Engineer_JOB003",
            "jobPostingSiteId": "Lloyds_Technology_Centre",
            "country": {
                "descriptor": "India",
                "id": "c4f78be1a8f14da0ab49ce1162348a5e"
            },
            "canApply": true,
            "posted": true,
            "includeResumeParsing": true,
            "jobRequisitionLocation": {
                "descriptor": "Hyderabad Knowledge City (LTC)",
                "country": {
                    "descriptor": "India",
                    "id": "c4f78be1a8f14da0ab49ce1162348a5e",
                    "alpha2Code": "IN"
                }
            },
            "externalUrl": "https://lbg.wd3.myworkdayjobs.com/Lloyds_Technology_Centre/job/Hyderabad-Knowledge-City-LTC/Software-Engineer_JOB003",
            "questionnaireId": "6b7cbe99edd21001f1278380240d0000",
            "timeLeftToApply": "20 days left to apply",
            "endDate": "2025-09-15",
            "jobPostingEndDateAsText": "End Date: Sept 15, 2025"
        },
        "hiringOrganization": {
            "name": "Lloyds Offshore Global Services Private Limited",
            "url": ""
        },
        "similarJobs": [{
                "title": "Software Engineer",
                "externalPath": "/job/Hyderabad-Knowledge-City-LTC/Software-Engineer_135424",
                "timeType": "Full time",
                "locationsText": "Hyderabad Knowledge City (LTC)",
                "postedOn": "Posted 30+ Days Ago",
                "startDate": "2025-05-13",
                "timeLeftToApply": "30+ days left to apply",
                "jobPostingEndDateAsText": "End Date: Aug 31, 2025"
            },
            {
                "title": "Software Engineer",
                "externalPath": "/job/Hyderabad-Knowledge-City-LTC/Software-Engineer_132832",
                "timeType": "Full time",
                "locationsText": "Hyderabad Knowledge City (LTC)",
                "postedOn": "Posted 30+ Days Ago",
                "startDate": "2025-04-03",
                "timeLeftToApply": "5 days left to apply",
                "jobPostingEndDateAsText": "End Date: June 30, 2025"
            },
            {
                "title": "Software Engineer",
                "externalPath": "/job/Hyderabad-Knowledge-City-LTC/Software-Engineer_131312",
                "timeType": "Full time",
                "locationsText": "Hyderabad Knowledge City (LTC)",
                "postedOn": "Posted 30+ Days Ago",
                "startDate": "2025-03-11",
                "timeLeftToApply": "30+ days left to apply",
                "jobPostingEndDateAsText": "End Date: Aug 28, 2025"
            },
            {
                "title": "Software Engineer",
                "externalPath": "/job/Hyderabad-Knowledge-City-LTC/Software-Engineer_136608",
                "timeType": "Full time",
                "locationsText": "Hyderabad Knowledge City (LTC)",
                "postedOn": "Posted 23 Days Ago",
                "startDate": "2025-05-31",
                "timeLeftToApply": "30+ days left to apply",
                "jobPostingEndDateAsText": "End Date: September 30, 2025"
            },
            {
                "title": "Senior Software Engineer",
                "externalPath": "/job/Hyderabad-Knowledge-City-LTC/Senior-Software-Engineer_127041",
                "timeType": "Full time",
                "locationsText": "Hyderabad Knowledge City (LTC)",
                "postedOn": "Posted 30+ Days Ago",
                "startDate": "2024-12-26",
                "timeLeftToApply": "5 days left to apply",
                "jobPostingEndDateAsText": "End Date: June 30, 2025"
            }
        ],
        "userAuthenticated": false
    },
    {
        "jobPostingInfo": {
            "id": "324f22b91c70100ff92dfbe186d80000",
            "title": "Data Engineer",
            "jobDesc": "<p></p><p><b>End Date</b></p>8 Sept 2025<p></p><p><a href=\"http://www.lloydsbankinggroup.com/careers/culture-and-inclusion/agile-working.html\" target=\"_blank\"><span><b>We Support Flexible Working – Click here for more information on flexible working options</b> </span></a></p><p></p><p><b><span>Flexible Working Options</span> </b></p>Hybrid Working<p></p><p><b><span>Job Description Summary</span> </b></p>Experience : 3 - 5 years and 8 to 12 years<br><br>We are seeking a talented and driven Data Engineer with expertise in building and optimizing data pipelines, ETL processes, and cloud-based data solutions. The ideal candidate will be responsible for designing, developing, and maintaining scalable data architectures, ensuring data quality and reliability, and collaborating with cross-functional teams to support analytics and business intelligence initiatives.<p><b><span>Required Skills:</span></b></p><ul><li><p><span>Design, build, and maintain scalable data pipelines and ETL processes.</span></p></li><li><p><span>Develop and optimize data architectures for analytics and business intelligence.</span></p></li><li><p><span>Ensure data quality, reliability, and integrity across systems.</span></p></li><li><p><span>Collaborate with cross-functional teams to deliver data solutions.</span></p></li><li><p><span>Implement data security and compliance best practices.</span></p></li><li><p><span>Troubleshoot and resolve data pipeline and infrastructure issues.</span></p></li><li><p><span>Document processes and contribute to data engineering best practices.</span></p></li></ul><ul><li><p><span>Strong experience with SQL and relational databases (e.g., PostgreSQL, MySQL).</span></p></li><li><p><span>Proficiency in data pipeline tools (e.g., Apache Airflow, Luigi).</span></p></li><li><p><span>Hands-on expertise with cloud platforms (AWS, Azure, GCP) and cloud data services.</span></p></li><li><p><span>Knowledge of big data technologies (Spark, Hadoop, etc.).</span></p></li><li><p><span>Experience with data modeling and ETL development.</span></p></li><li><p><span>Strong programming skills in Python or Scala.</span></p></li><li><p><span>Excellent problem-solving and communication skills.</span></p></li></ul><p></p><p></p>",
            "jobDescription": "End Date 8 Sept 2025 We Support Flexible Working – Click here for more information on flexible working options Flexible Working Options Hybrid Working Job Description Summary Experience : 3 - 5 years and 8 to 12 years We are seeking a talented and driven Data Engineer with expertise in building and optimizing data pipelines, ETL processes, and cloud-based data solutions. The ideal candidate will be responsible for designing, developing, and maintaining scalable data architectures, ensuring data quality and reliability, and collaborating with cross-functional teams to support analytics and business intelligence initiatives. Required Skills: Design, build, and maintain scalable data pipelines and ETL processes. Develop and optimize data architectures for analytics and business intelligence. Ensure data quality, reliability, and integrity across systems. Collaborate with cross-functional teams to deliver data solutions. Implement data security and compliance best practices. Troubleshoot and resolve data pipeline and infrastructure issues. Document processes and contribute to data engineering best practices. Strong experience with SQL and relational databases (e.g., PostgreSQL, MySQL). Proficiency in data pipeline tools (e.g., Apache Airflow, Luigi). Hands-on expertise with cloud platforms (AWS, Azure, GCP) and cloud data services. Knowledge of big data technologies (Spark, Hadoop, etc.). Experience with data modeling and ETL development. Strong programming skills in Python or Scala. Excellent problem-solving and communication skills.",
            "location": "Hyderabad Knowledge City (LTC)",
            "postedOn": "Posted 13 Days Ago",
            "startDate": "2025-06-10",
            "timeType": "Full time",
            "jobReqId": "JOB004",
            "jobPostingId": "Data-Engineer_JOB004",
            "jobPostingSiteId": "Lloyds_Technology_Centre",
            "country": {
                "descriptor": "India",
                "id": "c4f78be1a8f14da0ab49ce1162348a5e"
            },
            "canApply": true,
            "posted": true,
            "includeResumeParsing": true,
            "jobRequisitionLocation": {
                "descriptor": "Hyderabad Knowledge City (LTC)",
                "country": {
                    "descriptor": "India",
                    "id": "c4f78be1a8f14da0ab49ce1162348a5e",
                    "alpha2Code": "IN"
                }
            },
            "externalUrl": "https://lbg.wd3.myworkdayjobs.com/Lloyds_Technology_Centre/job/Hyderabad-Knowledge-City-LTC/Learning-Change---Design-Manager_JOB004",
            "questionnaireId": "6b7cbe99edd21001f1278380240d0000",
            "timeLeftToApply": "30+ days left to apply",
            "endDate": "2025-09-08",
            "jobPostingEndDateAsText": "End Date: September 8, 2025"
        },
        "hiringOrganization": {
            "name": "Lloyds Offshore Global Services Private Limited",
            "url": ""
        },
        "similarJobs": [{
            "title": "Learning Change & Design Consultant",
            "externalPath": "/job/Hyderabad-Knowledge-City-LTC/Learning-Change---Design-Consultant_JOB005",
            "timeType": "Full time",
            "locationsText": "Hyderabad Knowledge City (LTC)",
            "postedOn": "Posted 13 Days Ago",
            "startDate": "2025-06-10",
            "timeLeftToApply": "30+ days left to apply",
            "jobPostingEndDateAsText": "End Date: September 8, 2025"
        }],
        "userAuthenticated": false
    },
    {
        "jobPostingInfo": {
            "id": "35ed6c9eccff100ff8c3c8ca3dd00000",
            "title": "Java Backend Architect",
            "jobDesc": "<p></p><p><b>End Date</b></p> 08 September 2025<p></p><p><a href=\"http://www.lloydsbankinggroup.com/careers/culture-and-inclusion/agile-working.html\" target=\"_blank\"><span><b>We Support Flexible Working – Click here for more information on flexible working options</b> </span></a></p><p></p><p><b><span>Flexible Working Options</span> </b></p>Hybrid Working<p></p><p><b><span>Job Description Summary</span> </b></p>We are looking for a highly experienced Java Backend Architect with deep expertise in designing scalable, distributed systems and building resilient microservices. The ideal candidate should have a strong foundation in Java and Spring Boot, and a proven track record of leading architecture initiatives for complex enterprise-grade systems.<p></p><p><b><span>Required Skills</span> </b></p><p>Strong proficiency in Java (8 or above), Spring Boot, and microservices architecture.</p><p>Solid experience in system design and architecture, especially for scalable, high-throughput applications.</p><p>Expertise in design patterns, domain-driven design (DDD), and performance tuning of backend systems.</p><p>Hands-on experience with containerization and orchestration (Docker, Kubernetes).</p><p>Experience with cloud-native architecture on AWS, Azure, or Google Cloud.</p><p>Proficient in REST API design, message queues (Kafka/RabbitMQ), and asynchronous processing.</p><p>Familiar with CI/CD, GitOps, Infrastructure as Code (Terraform/CloudFormation), and DevOps best practices.</p><p>Ability to mentor junior developers and collaborate with cross-functional teams on technical direction.</p>",
            "jobDescription": "End Date 08 September 2025 We Support Flexible Working – Click here for more information on flexible working options Flexible Working Options Hybrid Working Job Description Summary We are looking for a highly experienced Java Backend Architect with deep expertise in designing scalable, distributed systems and building resilient microservices. The ideal candidate should have a strong foundation in Java and Spring Boot, and a proven track record of leading architecture initiatives for complex enterprise-grade systems. Required Skills Strong proficiency in Java (8 or above), Spring Boot, and microservices architecture. Solid experience in system design and architecture, especially for scalable, high-throughput applications. Expertise in design patterns, domain-driven design (DDD), and performance tuning of backend systems. Hands-on experience with containerization and orchestration (Docker, Kubernetes). Experience with cloud-native architecture on AWS, Azure, or Google Cloud. Proficient in REST API design, message queues (Kafka/RabbitMQ), and asynchronous processing. Familiar with CI/CD, GitOps, Infrastructure as Code (Terraform/CloudFormation), and DevOps best practices. Ability to mentor junior developers and collaborate with cross-functional teams on technical direction.",
            "location": "Hyderabad Knowledge City (LTC)",
            "postedOn": "Posted 13 Days Ago",
            "startDate": "2025-06-10",
            "timeType": "Full time",
            "jobReqId": "JOB005",
            "jobPostingId": "Java-Backend-Architect_JOB005",
            "jobPostingSiteId": "Lloyds_Technology_Centre",
            "country": {
                "descriptor": "India",
                "id": "c4f78be1a8f14da0ab49ce1162348a5e"
            },
            "canApply": true,
            "posted": true,
            "includeResumeParsing": true,
            "jobRequisitionLocation": {
                "descriptor": "Hyderabad Knowledge City (LTC)",
                "country": {
                    "descriptor": "India",
                    "id": "c4f78be1a8f14da0ab49ce1162348a5e",
                    "alpha2Code": "IN"
                }
            },
            "externalUrl": "https://lbg.wd3.myworkdayjobs.com/Lloyds_Technology_Centre/job/Hyderabad-Knowledge-City-LTC/Learning-Change---Design-Consultant_JOB005",
            "questionnaireId": "6b7cbe99edd21001f1278380240d0000",
            "timeLeftToApply": "30+ days left to apply",
            "endDate": "2025-09-08",
            "jobPostingEndDateAsText": "End Date: September 8, 2025"
        },
        "hiringOrganization": {
            "name": "Lloyds Offshore Global Services Private Limited",
            "url": ""
        },
        "similarJobs": [{
            "title": "Learning Change & Design Manager",
            "externalPath": "/job/Hyderabad-Knowledge-City-LTC/Learning-Change---Design-Manager_JOB004",
            "timeType": "Full time",
            "locationsText": "Hyderabad Knowledge City (LTC)",
            "postedOn": "Posted 13 Days Ago",
            "startDate": "2025-06-10",
            "timeLeftToApply": "30+ days left to apply",
            "jobPostingEndDateAsText": "End Date: September 8, 2025"
        }],
        "userAuthenticated": false
    },
    {
        "jobPostingInfo": {
            "id": "4fd20815546b100ff90b402c2f7a0000",
            "title": "Java Full-Stack Developer",
            "jobDesc": "<p></p><p><b>End Date</b></p> 25 September 2025<p></p><p><a href=\"http://www.lloydsbankinggroup.com/careers/culture-and-inclusion/agile-working.html\" target=\"_blank\"><span><b>We Support Flexible Working – Click here for more information on flexible working options</b> </span></a></p><p></p><p><b><span>Flexible Working Options</span> </b></p>Hybrid Working<p></p><p><b><span>Required Skills:</span> </b></p>We are hiring a talented and versatile Java Full-Stack Developer with strong backend expertise and proficiency in modern front-end technologies. The candidate should be capable of building robust APIs and delivering rich UI experiences using industry-standard frameworks.<p></p><p><b><span>Required Skills</span> </b></p><p>Proficient in Java (8 or above), Spring Boot, and RESTful service development.</p><p>Strong experience in front-end development using React.js, Angular, or Vue.js.</p><p>Hands-on with HTML5, CSS3, JavaScript (ES6+), and responsive web design.</p><p>Experience with microservices architecture and integration patterns.</p><p>Solid understanding of SQL and databases like MySQL, PostgreSQL, or Oracle.</p><p>Familiarity with Docker, Kubernetes, and cloud environments (AWS/Azure/GCP).</p><p>Good knowledge of CI/CD pipelines using tools like Jenkins, GitLab CI, or GitHub Actions.</p><p></p>Strong debugging and performance optimization skills on both front-end and back-end.</p><p>Experience in Agile/Scrum environments and excellent team collaboration.</p>",
            "jobDescription": "End Date 25 September 2025 We Support Flexible Working – Click here for more information on flexible working options Flexible Working Options Hybrid Working Required Skills: We are hiring a talented and versatile Java Full-Stack Developer with strong backend expertise and proficiency in modern front-end technologies. The candidate should be capable of building robust APIs and delivering rich UI experiences using industry-standard frameworks. Required Skills Proficient in Java (8 or above), Spring Boot, and RESTful service development. Strong experience in front-end development using React.js, Angular, or Vue.js. Hands-on with HTML5, CSS3, JavaScript (ES6+), and responsive web design. Experience with microservices architecture and integration patterns. Solid understanding of SQL and databases like MySQL, PostgreSQL, or Oracle. Familiarity with Docker, Kubernetes, and cloud environments (AWS/Azure/GCP). Good knowledge of CI/CD pipelines using tools like Jenkins, GitLab CI, or GitHub Actions. Strong debugging and performance optimization skills on both front-end and back-end. Experience in Agile/Scrum environments and excellent team collaboration.",
            "location": "Hyderabad Knowledge City (LTC)",
            "postedOn": "Posted 13 Days Ago",
            "startDate": "2025-06-10",
            "timeType": "Full time",
            "jobReqId": "JOB006",
            "jobPostingId": "Java-Full-Stack-Developer_JOB006",
            "jobPostingSiteId": "Lloyds_Technology_Centre",
            "country": {
                "descriptor": "India",
                "id": "c4f78be1a8f14da0ab49ce1162348a5e"
            },
            "canApply": true,
            "posted": true,
            "includeResumeParsing": true,
            "jobRequisitionLocation": {
                "descriptor": "Hyderabad Knowledge City (LTC)",
                "country": {
                    "descriptor": "India",
                    "id": "c4f78be1a8f14da0ab49ce1162348a5e",
                    "alpha2Code": "IN"
                }
            },
            "externalUrl": "https://lbg.wd3.myworkdayjobs.com/Lloyds_Technology_Centre/job/Hyderabad-Knowledge-City-LTC/Workplace-Insights-Coordinator_JOB006",
            "questionnaireId": "6b7cbe99edd21001f1278380240d0000",
            "timeLeftToApply": "30+ days left to apply",
            "endDate": "2025-09-25",
            "jobPostingEndDateAsText": "End Date: Sept 25, 2025"
        },
        "hiringOrganization": {
            "name": "Lloyds Offshore Global Services Private Limited",
            "url": ""
        },
        "similarJobs": [],
        "userAuthenticated": false
    }
]