{
    "total": 33,
    "jobPostings": [{
            "title": "Senior Software Engineer (Java, Cloud)",
            "externalPath": "/job/Hyderabad-Knowledge-City-LTC/Senior-Software-Engineer_JOB001",
            "locationsText": "Hyderabad Knowledge City (LTC)",
            "postedOn": "Posted Yesterday",
            "bulletFields": ["JOB001", "2025-08-30"]
        },
        {
            "title": "Senior Software Engineer (React, Node, Cloud)",
            "externalPath": "/job/Hyderabad-Knowledge-City-LTC/Senior-Software-Engineer_JOB002",
            "locationsText": "Hyderabad Knowledge City (LTC)",
            "postedOn": "Posted Yesterday",
            "bulletFields": ["JOB002", "2025-08-25"]
        },

        {
            "title": "Devops Engineer",
            "externalPath": "/job/Hyderabad-Knowledge-City-LTC/Devops-Engineer_JOB003",
            "locationsText": "Hyderabad Knowledge City (LTC)",
            "postedOn": "Posted 3 Days Ago",
            "bulletFields": ["JOB003", "2025-09-15"]
        },
        {
            "title": "Data Engineer",
            "externalPath": "/job/Hyderabad-Knowledge-City-LTC/Data-Engineer_JOB004",
            "locationsText": "Hyderabad Knowledge City (LTC)",
            "postedOn": "Posted 7 Days Ago",
            "bulletFields": ["JOB004", "2025-09-08"]
        },
        {
            "title": "Java Backend Architect",
            "externalPath": "/job/Hyderabad-Knowledge-City-LTC/Java-Backend-Architect_JOB005",
            "locationsText": "Hyderabad Knowledge City (LTC)",
            "postedOn": "Posted 7 Days Ago",
            "bulletFields": ["JOB005", "2025-09-08"]
        },
        {
            "title": "Java Full-Stack Developer",
            "externalPath": "/job/Hyderabad-Knowledge-City-LTC/Java-Full-Stack-Developer_JOB006",
            "locationsText": "Hyderabad Knowledge City (LTC)",
            "postedOn": "Posted 7 Days Ago",
            "bulletFields": ["JOB006", "2025-08-11"]
        }
    ]
}