{
    "JobID": "J1001",
    "JobDescription": "Backend Developer",
    "Profile": {
        "Name": "PRIYANKA BANERJEE",
        "ApplicationID": "APP-9876",
        "IdentificationID": "ID-12345",
        "DateOfApplication": "2025-06-19",
        "Gender": "Female",
        "DateOfBirth": "1996-02-27",
        "MobileNo": "+91 8910983449",
        "SkillSets": "Java, Spring Boot, SQL, GCP, Angular",
        "YearsOfExp": "5",
        "Education": [{
                "Degree": "B-Tech",
                "Duration": "2018 — 2021",
                "Ongoing": false,
                "University": "Camellia Institute Of Technology"
            },
            {
                "Degree": "Diploma",
                "Duration": "2014 — 2017",
                "Ongoing": false,
                "University": "Women's Polytechnic Jodhpur Park"
            }
        ],
        "WorkExp": [{
                "Company": "Lloyds Technology Centre",
                "Duration": "June 2024 - Present",
                "Project": [{
                    "Name": "Kafka Migration",
                    "Role": "Software Developer",
                    "Responsibilities": "Migration of on-prem Kafka to GCP cloud and backend maintenance"
                }]
            },
            {
                "Company": "Infosys",
                "Duration": "Sep 2021 - May 2024",
                "Project": [{
                    "Name": "Core Banking",
                    "Role": "Senior Engineer",
                    "Responsibilities": "Microservices, Angular UI, Spring Boot REST APIs"
                }]
            }
        ]
    }
}